{
  "hash": "b020a52e",
  "configHash": "cc5544b1",
  "lockfileHash": "30ab4b9d",
  "browserHash": "87822cab",
  "optimized": {
    "@angular/core": {
      "src": "../../../../../../node_modules/@angular/core/fesm2022/core.mjs",
      "file": "@angular_core.js",
      "fileHash": "c3f3f222",
      "needsInterop": false
    },
    "@angular/platform-browser": {
      "src": "../../../../../../node_modules/@angular/platform-browser/fesm2022/platform-browser.mjs",
      "file": "@angular_platform-browser.js",
      "fileHash": "afd9ded8",
      "needsInterop": false
    },
    "@angular/platform-server": {
      "src": "../../../../../../node_modules/@angular/platform-server/fesm2022/platform-server.mjs",
      "file": "@angular_platform-server.js",
      "fileHash": "6aefdc2c",
      "needsInterop": false
    },
    "@angular/router": {
      "src": "../../../../../../node_modules/@angular/router/fesm2022/router.mjs",
      "file": "@angular_router.js",
      "fileHash": "5f849b04",
      "needsInterop": false
    },
    "@angular/ssr": {
      "src": "../../../../../../node_modules/@angular/ssr/fesm2022/ssr.mjs",
      "file": "@angular_ssr.js",
      "fileHash": "28c857ea",
      "needsInterop": false
    },
    "@angular/ssr/node": {
      "src": "../../../../../../node_modules/@angular/ssr/fesm2022/node.mjs",
      "file": "@angular_ssr_node.js",
      "fileHash": "4dac2a34",
      "needsInterop": false
    },
    "express": {
      "src": "../../../../../../node_modules/express/index.js",
      "file": "express.js",
      "fileHash": "2ef0b68d",
      "needsInterop": true
    }
  },
  "chunks": {
    "chunk-S2IDRO2P": {
      "file": "chunk-S2IDRO2P.js"
    },
    "chunk-GIEX7YWJ": {
      "file": "chunk-GIEX7YWJ.js"
    },
    "chunk-7QG2PTWH": {
      "file": "chunk-7QG2PTWH.js"
    },
    "chunk-73D7QFXC": {
      "file": "chunk-73D7QFXC.js"
    },
    "chunk-FPO3XRGI": {
      "file": "chunk-FPO3XRGI.js"
    },
    "xhr2-TXIMV6CV": {
      "file": "xhr2-TXIMV6CV.js"
    },
    "chunk-YHCV7DAQ": {
      "file": "chunk-YHCV7DAQ.js"
    }
  }
}